<?xml version="1.0" encoding="UTF-8" standalone="no"?><?xml-stylesheet type="text/xsl" href="../lib/xsl/synan.xsl"?><synan><node label="source"><node label="defs"><node label="def"><token kind="FUN" lexeme="fun"><location loc="1.1 - 1.3"/></token><token kind="IDENTIFIER" lexeme="putint"><location loc="1.5 - 1.10"/></token><token kind="LPARAN" lexeme="("><location loc="1.11 - 1.11"/></token><node label="args1"><node label="args_"><node label="myArg"><token kind="IDENTIFIER" lexeme="a"><location loc="1.12 - 1.12"/></token><token kind="COLON" lexeme=":"><location loc="1.13 - 1.13"/></token><node label="type1"><node label="syn21"><node label="type1Over"><node label="atomType"><token kind="INT" lexeme="int"><location loc="1.14 - 1.16"/></token></node></node></node></node></node><node label="args__"/></node></node><token kind="RPARAN" lexeme=")"><location loc="1.17 - 1.17"/></token><token kind="COLON" lexeme=":"><location loc="1.19 - 1.19"/></token><node label="type1"><node label="syn21"><node label="type1Over"><node label="atomType"><token kind="VOID" lexeme="void"><location loc="1.21 - 1.24"/></token></node></node></node></node><node label="syn1"/></node><node label="defs"><node label="def"><token kind="FUN" lexeme="fun"><location loc="2.1 - 2.3"/></token><token kind="IDENTIFIER" lexeme="main"><location loc="2.5 - 2.8"/></token><token kind="LPARAN" lexeme="("><location loc="2.9 - 2.9"/></token><node label="args1"/><token kind="RPARAN" lexeme=")"><location loc="2.10 - 2.10"/></token><token kind="COLON" lexeme=":"><location loc="2.12 - 2.12"/></token><node label="type1"><node label="syn21"><node label="type1Over"><node label="atomType"><token kind="INT" lexeme="int"><location loc="2.14 - 2.16"/></token></node></node></node></node><node label="syn1"><token kind="ASSIGN" lexeme="="><location loc="2.18 - 2.18"/></token><node label="stmt_"><node label="stmt_2"><node label="stmt"><node label="stmtBase"><node label="expr"><node label="exprEntry"><node label="expr2nd"><node label="expr3rd"><node label="expr4th"><node label="expr5th"><node label="expr6th"><node label="expr7th"><node label="expr7th"><node label="prim"><token kind="IDENTIFIER" lexeme="putint"><location loc="3.5 - 3.10"/></token></node></node><token kind="LPARAN" lexeme="("><location loc="3.11 - 3.11"/></token><node label="exprs_"><node label="exprs_2"><node label="exprEntry"><node label="expr2nd"><node label="expr3rd"><node label="expr4th"><node label="expr5th"><node label="expr6th"><node label="expr7th"><node label="prim"><node label="exprEnd"><token kind="CONSTNUM" lexeme="4"><location loc="3.12 - 3.12"/></token></node></node></node></node></node></node></node></node></node><node label="exprs__"/></node></node><token kind="RPARAN" lexeme=")"><location loc="3.13 - 3.13"/></token></node></node></node></node></node></node></node></node></node></node><node label="stmt__"><token kind="COMMA" lexeme=","><location loc="3.14 - 3.14"/></token><node label="stmt_2"><node label="stmt"><node label="stmtBase"><token kind="RETURN" lexeme="return"><location loc="4.5 - 4.10"/></token><node label="expr"><node label="exprEntry"><node label="expr2nd"><node label="expr3rd"><node label="expr4th"><node label="expr5th"><node label="expr6th"><node label="expr7th"><node label="prim"><node label="exprEnd"><token kind="CONSTNUM" lexeme="4"><location loc="4.12 - 4.12"/></token></node></node></node></node></node></node></node></node></node></node></node></node><node label="stmt__"/></node></node></node></node></node></node></node></node><token kind="EOF" lexeme=""/></node></synan>