<?xml version="1.0" encoding="UTF-8" standalone="no"?><?xml-stylesheet type="text/xsl" href="../lib/xsl/imclin.xsl"?><imclin><codechunk bodylabel="L0" epiloguelabel="L1" prologuelabel="_main"><frame FP="T2" RV="T3" argssize="0" depth="0" label="_main" locssize="0" size="16"/><stmt><imc instruction="LABEL(L0)"/></stmt><stmt><imc instruction="MOVE"><imc instruction="TEMP(T4)"/><imc instruction="MEM8"><imc instruction="TEMP(T2)"/></imc></imc></stmt><stmt><imc instruction="ESTMT"><imc instruction="CALL"><imc instruction="NAME(_putint)"/><imc instruction="TEMP(T4)"/><imc instruction="CONST(4)"/></imc></imc></stmt><stmt><imc instruction="MOVE"><imc instruction="TEMP(T5)"/><imc instruction="CONST(4)"/></imc></stmt><stmt><imc instruction="MOVE"><imc instruction="TEMP(T3)"/><imc instruction="TEMP(T5)"/></imc></stmt><stmt><imc instruction="JUMP"><imc instruction="NAME(L1)"/></imc></stmt><stmt><imc instruction="JUMP"><imc instruction="NAME(L1)"/></imc></stmt></codechunk></imclin>