<?xml version="1.0" encoding="UTF-8" standalone="no"?><?xml-stylesheet type="text/xsl" href="../lib/xsl/lexan.xsl"?><lexan><token kind="FUN" lexeme="fun"><location loc="1.1 - 1.3"/></token><token kind="IDENTIFIER" lexeme="putint"><location loc="1.5 - 1.10"/></token><token kind="LPARAN" lexeme="("><location loc="1.11 - 1.11"/></token><token kind="IDENTIFIER" lexeme="a"><location loc="1.12 - 1.12"/></token><token kind="COLON" lexeme=":"><location loc="1.13 - 1.13"/></token><token kind="INT" lexeme="int"><location loc="1.14 - 1.16"/></token><token kind="RPARAN" lexeme=")"><location loc="1.17 - 1.17"/></token><token kind="COLON" lexeme=":"><location loc="1.19 - 1.19"/></token><token kind="VOID" lexeme="void"><location loc="1.21 - 1.24"/></token><token kind="FUN" lexeme="fun"><location loc="2.1 - 2.3"/></token><token kind="IDENTIFIER" lexeme="main"><location loc="2.5 - 2.8"/></token><token kind="LPARAN" lexeme="("><location loc="2.9 - 2.9"/></token><token kind="RPARAN" lexeme=")"><location loc="2.10 - 2.10"/></token><token kind="COLON" lexeme=":"><location loc="2.12 - 2.12"/></token><token kind="INT" lexeme="int"><location loc="2.14 - 2.16"/></token><token kind="ASSIGN" lexeme="="><location loc="2.18 - 2.18"/></token><token kind="IDENTIFIER" lexeme="putint"><location loc="3.5 - 3.10"/></token><token kind="LPARAN" lexeme="("><location loc="3.11 - 3.11"/></token><token kind="CONSTNUM" lexeme="4"><location loc="3.12 - 3.12"/></token><token kind="RPARAN" lexeme=")"><location loc="3.13 - 3.13"/></token><token kind="COMMA" lexeme=","><location loc="3.14 - 3.14"/></token><token kind="RETURN" lexeme="return"><location loc="4.5 - 4.10"/></token><token kind="CONSTNUM" lexeme="4"><location loc="4.12 - 4.12"/></token><token kind="EOF" lexeme=""/></lexan>