<?xml version="1.0" encoding="UTF-8" standalone="no"?><?xml-stylesheet type="text/xsl" href="../lib/xsl/abstr.xsl"?><abstr><astnode id="16" label="Nodes&lt;Defn&gt;"><location loc="1.1 - 4.12"/><astnode id="3" label="ExtFunDefn" name="putint"><location loc="1.1 - 1.24"/><astnode id="4" label="Nodes&lt;ParDefn&gt;"><location loc="1.12 - 1.16"/><astnode id="1" label="ParDefn" name="a"><location loc="1.12 - 1.16"/><astnode id="0" label="AtomType" name="INT"><location loc="1.14 - 1.16"/></astnode></astnode></astnode><astnode id="2" label="AtomType" name="VOID"><location loc="1.21 - 1.24"/></astnode></astnode><astnode id="13" label="DefFunDefn" name="main"><location loc="2.1 - 4.12"/><astnode id="14" label="Nodes&lt;ParDefn&gt;"><location loc="0.0 - 0.0"/></astnode><astnode id="15" label="Nodes&lt;Stmt&gt;"><location loc="3.5 - 4.12"/><astnode id="10" label="ExprStmt"><location loc="3.5 - 3.13"/><astnode id="8" label="CallExpr"><location loc="3.5 - 3.13"/><astnode id="6" label="NameExpr" name="putint"><location loc="3.5 - 3.10"/></astnode><astnode id="9" label="Nodes&lt;Expr&gt;"><location loc="3.12 - 3.12"/><astnode id="7" label="AtomExpr" name="4"><location loc="3.12 - 3.12"/></astnode></astnode></astnode></astnode><astnode id="12" label="ReturnStmt"><location loc="4.5 - 4.12"/><astnode id="11" label="AtomExpr" name="4"><location loc="4.12 - 4.12"/></astnode></astnode></astnode><astnode id="5" label="AtomType" name="INT"><location loc="2.14 - 2.16"/></astnode></astnode></astnode></abstr>